,algo,avgTime,avgQcEval,avgModelEval
0,TABU_50,2117.75,1580.25,17197.75
1,METRO_50,2932.8333333333335,20657.333333333332,29368.166666666668
