,algo,avgTime,avgQcEval,avgModelEval
0,TABU_50,1539.1666666666667,1162.1666666666667,12699.166666666666
1,METRO_50,2932.8333333333335,20657.333333333332,29368.166666666668
